,0
0,Dulce Vida Extra Añejo Tequila
1,Tequila Tapatio Excelencia Gran Reserva Lot 1
2,Laphroaig 32 Year
3,El Jolgorio Arroqueño Mezcal
4,Glenmorangie 1970's Collection '77
5,Laphroaig Cairdeas 2013 Port Wood Edition
6,The Last Drop 48 Year Blended Scotch Whisky
7,Balblair 1983 1st Release
8,Hirsch Selection 28 Year Bourbon
9,Oban 21 Year Cask Strength
10,Wild Turkey Diamond Anniversary Bourbon
11,Black Maple Hill 16 Year Bourbon
12,George T. Stagg Bourbon (Fall 2013)
13,Highland Park 30 Year
14,Yamazaki 18 Year
15,Lark Single Malt Distiller's Selection
16,Bushmills 21 Year Single Malt
17,Compass Box Hedonism
18,Laphroaig 25 Year Cask Strength (2020 Edition)
19,Whistlepig The Boss Hog VII: Magellan's Atlantic
20,George T. Stagg Bourbon (Fall 2020)
21,Foursquare Nobiliary
22,Redbreast 27 Year
23,Mr Black Single Origin Colombia
24,Mister Sam Blended Whiskey (2019 Release)
25,Bunnahabhain 2005 Palo Cortado Cask Finish
26,Canadian Club Chronicles 41 Year
27,Amaro Montenegro
28,Red Spot 15 Year Single Pot Still
29,Pierre Ferrand Dry Curaçao
30,William Larue Weller Bourbon (Fall 2018)
31,Old Forester Birthday Bourbon 2018
32,Catoctin Creek Rabble Rouser Bottled in Bond Rye
33,Tequila ArteNOM Selección de 1579 Blanco
34,Bruichladdich 1984/32 Bourbon: All In
35,Lock Stock & Barrel Straight Rye Whiskey 18 Year
36,Canadian Club 40 Year
37,J.P. Wiser's 35 Year
38,Yamazaki 18 Year Mizunara Cask 2017 Edition
39,Chopin Wheat Vodka
40,Glenmorangie Grand Vintage 1990
41,Bowmore 50 Year 1961
42,Foursquare 2004 Single Blended Rum
43,Appleton Estate Joy Anniversary Blend
44,Don Amado Añejo Mezcal
45,J.P. Wiser's Union 52
46,Farmer's Botanical Organic Gin
47,Hernö Juniper Cask Gin
48,Four Roses Limited Edition Small Batch Bourbon (2016)
49,William Larue Weller Bourbon (Fall 2016)
50,Gran Patrón Burdeos Añejo Tequila
51,Ron Barceló Premium Imperial Blend 30 Aniversario
52,Arta Tequila Extra Añejo
53,Panamá-Pacific Rum 23-Year
54,Yamazaki 25 Year
55,Real Minero Barril Mezcal
56,Appleton Estate 30 Year Rum
57,Reisetbauer Carrot Eau-de-Vie
58,Octomore 07.3/169 Islay Barley
59,Lhéraud Cuvée 20 Cognac
60,The Macallan Reflexion
61,Four Roses Limited Edition Small Batch Bourbon (2015)
62,El Dorado 25 Year Rum
63,Baron Gaston Legrand Bas Armagnac 1984
64,Mezcal Pierde Almas Wild Tepextate
65,Sotol Por Siempre
66,Koch el Mezcal Coyote
67,Tears of Llorona Extra Añejo Tequila
68,t1 Tequila Reposado Excepcional
69,Corralejo Reposado Tequila
70,Chinaco Añejo Tequila
71,El Jolgorio Tobalá Mezcal
72,Jack Daniel's Sinatra Century
73,Eagle Rare 17 Year Bourbon (Fall 2015)
74,The Glenrothes Extraordinary Single Cask 1969 #11485
75,The Balvenie Tun 1509 Batch 2
76,La Diablada Puro Moscatel Pisco
77,Overeem Bourbon Cask Matured Single Malt Cask Strength
78,Nikka Yoichi 20 Year
79,Laphroaig 15 Year 200th Anniversary
80,Dalmore Constellation 1979 Cask 1093 33 Year
81,Balblair 1990 2nd Release
82,Woodford Reserve Master's Collection Four Wood Bourbon
83,Benromach Vintage 1976
84,Laphroaig 30 Year
85,Eagle Rare 17 Year Bourbon (Fall 2014)
86,Yellow Spot 12 Year Single Pot Still
87,Booker's 25th Anniversary Bourbon
88,Redbreast 21 Year
89,William Larue Weller Bourbon (Fall 2013)
90,Highland Park 40 Year
91,Nikka Yoichi 15 Year Single Malt
92,Willett Family Estate Bottled Rye 4 Year
93,Talisker 10 Year
94,Glenglassaugh Evolution
95,Laphroaig 10 Year
96,Lagavulin Distillers Edition
97,Bowmore 18 Year
98,Evan Williams Single Barrel
99,Parker's Heritage Cognac Barrel Finish 10 Year Bourbon
100,Del Professore Vermouth Chinato
101,Mars Komagatake Single Malt Limited Edition 2020
102,Heaven Hill 85th Anniversary 13 Year Single Barrel
103,Rosebank 30 Year (Release One)
104,Elijah Craig Barrel Proof Bourbon Batch B520
105,J.P. Wiser's 23 Year Cask Strength Blend
106,Bulrush Gin
107,Casa d'Aristi Xtabentun Honey Liqueur
108,GlenDronach Grandeur 27 Year Batch 10
109,Los Vecinos del Campo Espadin Mezcal
110,Drambuie
111,Fernet-Branca
112,Gooderham & Worts Eleven Souls
113,Russell's Reserve 2002
114,Wild Turkey Master's Keep Revival
115,Don Amado Largo Mezcal
116,Bruichladdich 1986/30 Sherry: The Magnificent Seven
117,Foursquare Triptych
118,Chichibu Whisky Matsuri 2017
119,Belvedere Single Estate Rye: Lake Bartężek
120,St. George Green Chile Vodka
121,Lot No. 40 12 Year Cask Strength
122,Chichibu Japan Warrior Series Bottle One
123,Lagavulin 12 Year (2017 Special Release)
124,Kilbeggan 21 Year
125,Stolichnaya Elit
126,ESP NOHO Gin
127,Mount Gay 1703 Master Select Rum
128,Don Q Signature Release Single Barrel 2005
129,"Colonel E.H. Taylor, Jr. Four Grain Bottled in Bond"
130,Patrón Cask Collection Sherry Añejo
131,Mezcales de Leyenda Puebla
132,Cognac Park XO Extra
133,Drouet Hors d'Age Paradis de Famille
134,Glenkinchie 24 Year 1991 (2016 Special Release)
135,Old Potrero Hotaling's Single Malt Rye 16 Year
136,Alberta Premium 30 Year
137,Boldt Genever-Style Gin
138,Leopold's Navy Strength American Gin
139,Nolet's Silver Gin
140,Plymouth Navy Strength Gin
141,Rutte Celery Gin
142,Portobello Road No. 171 Gin
143,Eden Mill Sea Buckthorn Original Gin
144,Clairin Sajous Rhum Blanc
145,Distillery No. 209 Cabernet Sauvignon Barrel Reserve Gin
146,Ransom Old Tom Gin
147,Lagavulin 25 Year
148,The Glenlivet Single Cask: Pullman Water Level Route
149,Lagavulin Jazz Festival 2015
150,J.P. Wiser's Last Barrels
151,Knob Creek Limited Edition 2001
152,Chairman's Reserve The Forgotten Casks Rum
153,Delord Armagnac 25 Year
154,123 Organic Extra Añejo Diablito Tequila
155,Forty Creek John's Private Cask No. 1
156,Del Maguey Pechuga Mezcal
157,Wahaka Mezcal Tobalá
158,Wahaka Mezcal Joven Madre Cuishe
159,Glenfiddich Rare Collection Vintage 1978 Cask #28121
160,Don Pilar Extra Añejo Tequila
161,Guillon-Painturaud Renaissance Grande Champagne Cognac
162,Mezan Panama Rum 1999
163,Clément XO Rhum Agricole
164,Appleton Estate 21 Year Rum
165,Novo Fogo Tanager Cachaça
166,Château de Ravignan Bas-Armagnac 1985
167,Clear Creek Pinot Noir Grappa
168,Fuenteseca Reserva Extra Añejo Tequila 21 Años
169,Mezcal Vago Tobalá
170,Don Julio Añejo Tequila
171,Dulce Vida Añejo 100 Proof Tequila
172,Espíritu Lauro Añejo Mezcal
173,t1 Tequila Blanco Ultra Fino
174,Gran Centenario Plata Tequila
175,"Tequila Ocho Reposado ""Las Pomez"" 2009"
176,Siembra Azul 10th Anniversary Reposado Tequila
177,Caol Ila 30 Year (2014 Special Release)
178,Benromach Organic
179,Bruichladdich Black Art 1990 04.1 Edition 23 Year
180,Belle Meade Cask Strength Single Barrel Bourbon 9 Year
181,Wild Turkey Master's Keep 17 Year
182,Russell's Reserve Single Barrel Bourbon
183,The Macallan No. 6 in Lalique
184,Highland Park Freya
185,"Colonel E.H. Taylor, Jr. Cured Oak Bottled in Bond Bourbon"
186,Deanston 18 Year Cognac Cask
187,Edradour Straight From The Cask Port Wood Finish 12 Year
188,Arran The Devil's Punch Bowl Chapter III The Fiendish Finale
189,Laphroaig 25 Year
190,Glengoyne 15 Year
191,Laphroaig Cairdeas 2014 Amontillado Cask Edition
192,Jim Beam Signature Craft 12 Year Bourbon
193,Eagle Rare 17 Year Bourbon (Fall 2013)
194,Lark Single Malt Single Cask
195,Lark Single Malt Cask Strength
196,Hakushu 25 Year
197,Johnnie Walker Green Label 15 Year
198,Mars Tsunuki The First Single Malt
199,Oban Distillers Edition (2020 Release)
200,Bruichladdich Black Art 1994 8.1 Edition 26 Year
201,Laphroaig 30 Year The Ian Hunter Story Book 2
202,St. George Single Malt Lot 20
203,Angel's Envy Bourbon Finished in Port Wine Barrels (2020 Edition)
204,"Barrell Whiskey Infinite Barrel Project (August 13, 2020)"
205,Four Roses Limited Edition Small Batch Bourbon (2020)
206,Lustau Vermut Rosé
207,Knob Creek 15 Year Kentucky Straight Bourbon
208,Dalwhinnie 30 Year (2020 Special Release)
209,Bruichladdich 1988 / 30: The Untouchable
210,Eagle Rare 17 Year Bourbon (Fall 2019)
211,Ardbeg Traigh Bhan 19 Year 2019 Edition
212,Próspero Blanco Tequila
213,Lo-Fi Aperitifs Gentian Amaro
214,Michter's 10 Year Single Barrel Kentucky Straight Rye (2019 Release)
215,Balblair 25 Year
216,Glen Grant 1948 Private Collection (Gordon & Macphail)
217,Plantation Extrême No. 3 Jamaica ITP 1996
218,St. Germain Elderflower Liqueur
219,Laphroaig 28 Year
220,Lot No. 40 11 Year Cask Strength
221,Eagle Rare 17 Year Bourbon (Fall 2018)
222,Tequila El Mayor Single Estate Los Lobos Plantation Blanco
223,Wyoming Whiskey Barrel Strength Bourbon (Barrel #3242)
224,Ketel One Botanical Grapefruit & Rose
225,King of Kentucky 14 Year Kentucky Straight Bourbon (2018 Release)
226,Don Amado Pechuga Mezcal
227,Don Amado Arroqueño Mezcal
228,Compass Box Hedonism The Muse
229,Booker's Bourbon Batch 2017-04 Sip Awhile
230,The Balvenie Tun 1509 Batch 4
231,Loch Lomond 50 Year
232,Gooderham & Worts Three Grain Little Trinity 17 Year
233,Nikka Coffey Vodka
234,George T. Stagg Bourbon (Fall 2017)
235,Absolut Vodka
236,Old Forester Birthday Bourbon 2017
237,Port Ellen 37 Year (2017 Special Release)
238,Sotol Coyote Blanco Chihuahua
239,Benromach 1974 Heritage Single Cask #1583
240,Stolichnaya Vodka
241,Foursquare Criterion
242,Craigellachie 31 Year
243,Laphroaig Cairdeas 2017 Cask Strength Quarter Cask Edition
244,J.P. Wiser's Dissertation
245,Compass Box Rivals
246,Four Roses Limited Edition 50th Anniversary Small Batch Bourbon (2017)
247,"Booker's Bourbon Batch 2017-01 ""Tommy's Batch"""
248,Johnnie Walker 18 Year
249,anCnoc 35 Year
250,WhistlePig The Boss Hog III: The Independent
251,Hamilton Saint Lucian Pot Still Rum 2006
252,Bruichladdich Black Art 1992 05.1 Edition 24 Year
253,4 Copas Tequila Añejo
254,Cognac Park XO Cigar Blend
255,Privateer Navy Yard Rum
256,Caol Ila 15 Year 2000 (2016 Special Release)
257,Cambus 40 Year 1975 (2016 Special Release)
258,Belle Meade Bourbon Madeira Cask Finish
259,La Mauny V.S.O.P.
260,Filliers 15 Year Oude Graanjenever
261,Hammer & Son Old English Gin
262,Sipsmith VJOP London Dry Gin
263,Opihr Oriental Spiced Gin
264,Old Forester Birthday Bourbon 2016
265,Eagle Rare 17 Year Bourbon (Fall 2016)
266,Augier L'Océanique Cognac
267,Kavalan Solist PX Sherry Single Cask Strength
268,Hayman's Sloe Gin
269,Barr Hill Gin
270,Woody Creek Colorado Straight Rye Whiskey
271,Lost Spirits Leviathan I Single Malt
272,Stauning Peated Whisky (5th Edition)
273,Stauning Kaos Danish Whisky
274,Four Roses Limited Edition Bourbon Elliott’s Select (2016)
275,Ron Malecon Reserva Imperial 25 Year
276,Booker's Rye Whiskey Big Time Batch (2016 Release)
277,Lagavulin Fèis Ìle 2015
278,Lock Stock & Barrel Straight Rye Whiskey 16 Year
279,Don Pilar Reposado Tequila
280,Teeling Distillery Exclusive 23 Year Single Malt
281,Forty Creek Port Wood Reserve
282,Novo Fogo Single Barrel 87 Cachaça
283,Old Forester Birthday Bourbon 2014
284,Crown Royal Noble Collection Cornerstone Blend
285,Laphroaig Lore
286,Arta Tequila Añejo
287,Royal Brackla 21 Year
288,Panamá-Pacific Rum 9-Year
289,ABK6 Extra Cognac
290,Siembra Metl Cenizo Mezcal
291,Cap Savanna Rhum Vieux 7
292,Booker’s Bourbon Batch 2016-01 “Booker’s Bluegrass”
293,Mezcal Gracias a Dios Tobalá
294,Tequila San Matias Gran Reserva Extra Añejo
295,Wahaka Mezcal Joven Ensamble
296,Clear Creek Reserve Apple Brandy
297,Bristol Port Morant Demerara Rum 1999
298,Liberty Call San Diego County Spiced Rum
299,Christian Drouin VSOP Calvados
300,Ilegal Mezcal Añejo
301,F. Meyer Quetsch Eau-de-Vie
302,F. Meyer Framboise Eau-de-Vie
303,F. Meyer Kirsch Eau-de-Vie
304,Charbay Hop Flavored Whiskey Release III
305,Charbay Hop Flavored Whiskey R5 Lot No. 3
306,El Dorado 15 Year Rum
307,Capovilla Rhum Rhum PMG Rhum Blanc Agricole 56%
308,Ron Abuelo Centuria
309,Facundo Exquisito Rum
310,Ron Diplomático Reserva Exclusiva Rum
311,Paul Beau Lignee de Samuel Cognac
312,HINE Triomphe Cognac
313,Tequila Lapis Platinum
314,Fuenteseca Reserva Extra Añejo Tequila 12 Años
315,Avión Reserva 44 Extra Añejo
316,La Venenosa Costa Raicilla (Green Label)
317,Don Julio Blanco Tequila
318,Bruxo No. 4 Ensamble Mezcal
319,El Jolgorio Espadín Mezcal
320,Mezcal de las Hormigas
321,t1 Tequila Añejo Estelar
322,Tequila ArteNOM Selección de 1146 Añejo
323,Del Maguey Chichicapa Mezcal
324,Expresiones del Corazón Old Rip Van Winkle Añejo Tequila
325,Fortaleza Blanco Tequila
326,Tequila Tapatio Añejo
327,Mezcalero No. 10
328,Tequila ArteNOM Selección de 1580 Blanco
329,Säntis Malt Appenzeller Single Malt Edition Dreifaltigkeit
330,Woodford Reserve Master's Collection 1838 Style White Corn Bourbon
331,Azuñia Añejo Tequila
332,Azuñia Reposado Tequila
333,Laphroaig Cairdeas 200th Anniversary Edition
334,Glenmorangie 1970's Collection '71
335,Glenmorangie 1970's Collection '76
336,Heartwood The Revelation Single Malt
337,Laphroaig 10 Year Cask Strength Batch 005
338,Octomore 06.1/167 Scottish Barley
339,Highland Park 21 Year
340,I.W. Harper Straight Bourbon
341,Jura 1984
342,I.W. Harper 15 Year Bourbon
343,The Balvenie Peated Cask 17 Year
344,Balblair 1999 2nd Release
345,anCnoc Vintage 1975
346,Woodford Reserve Straight Rye
347,Four Roses Limited Edition Small Batch Bourbon (2014)
348,Yamazaki Sherry Cask 2013
349,Old Pulteney 21 Year
350,Glenfarclas 40 Year
351,Lock Stock & Barrel Straight Rye Whiskey 13 Year
352,Michter's 20 Year Single Barrel Bourbon
353,Parker's Heritage Wheat Whiskey 13 Year
354,Westland Peat Week 2014 Single Cask #279
355,Glen Spey 21 Year
356,GlenDronach Parliament 21 Year
357,Laphroaig 10 Year Cask Strength
358,Suntory Royal
359,Hakushu Heavily Peated
360,J.P. Wiser's Legacy Canadian Whisky
361,Talisker 18 Year
362,Port Charlotte PC7 Sin An Doigh Ileach
363,Compass Box Spice Tree
364,Buchanan's Red Seal
365,Johnnie Walker Platinum
366,Elijah Craig Barrel Proof Bourbon Batch A121
367,6 O'clock Gin Brunel Edition
368,Salcombe Gin Rosé Sainte Marie
369,Benromach 21 Year
370,Kilkerran 16 Year
371,HINE Antique XO 100th Anniversary 1920-2020
372,Herradura Legend Tequila
373,Thomas H. Handy Sazerac Rye (Fall 2020)
374,William Larue Weller Bourbon (Fall 2020)
375,Laphroaig Cairdeas 2020 Port & Wine Casks
376,Laphroaig 30 Year The Ian Hunter Story Book 1
377,Stagg Jr. Barrel Proof Bourbon Batch 13
378,Pike Creek 21 Year Oloroso Cask Finish
379,Caravedo Pisco Acholado
380,La Fée Absinthe Parisienne
381,Angel's Envy Bourbon Finished in Port Wine Barrels Cask Strength (2019 Edition)
382,Canadian Club Chronicles 42 Year
383,Aberfeldy Exceptional Cask Series 18 Year Double Cask
384,Cincoro Tequila Añejo
385,Four Roses Limited Edition Small Batch Bourbon (2019)
386,Bruichladdich Bere Barley 2010
387,Don Julio Reposado Double Cask Lagavulin Finish
388,Clynelish 20 Year 200th Anniversary
389,Bowmore 15 Year Fèis Ìle 2019
390,Caol Ila 22 Year Fèis Ìle 2019
391,Crop Organic Cucumber Vodka
392,Forager's Keep 26 Year
393,Wild Turkey Master's Keep Cornerstone Rye
394,Purity Vodka Connoisseur 51 Reserve
395,Bulleit 12 Year Rye
396,Elijah Craig Barrel Proof Bourbon Batch A119
397,Port Charlotte MRC:01 2010
398,Mr Black Cold Brew Coffee Liqueur
399,Booker's 30th Anniversary Bourbon
